name,ult_org,score
Roche Holding AG,Roche Holdings,0.9723571212958063
First Team Sports,First American Corp,0.9664967355670481
Cable & Wireless Communication,Cable & Wireless Global,0.9643702542330151
California Software Corp,California State University,0.9640020302095472
Lehman Brothers Holdings Inc,Lehman Brothers,0.9633771752656854
Credit Suisse (USA) Inc,Credit Suisse First Boston,0.960529195580331
PNC Financial Services Group Inc.,PNC Financial Services,0.9564887759203827
Cleveland Indians Baseball,Cleveland Clinic,0.9563512164326841
European-American Bank,European Aeronautic Defence & Space,0.9531671900724861
Spectrum Organic Products Inc,Spectrum Healthcare Services,0.9521106513945345
North American Technologies Group Inc,North America's Supercorridor Coalition,0.9502447842902857
Contrans Corp,Contran Corp,0.9502339728056696
Electronic Data Systems Corp,Electronic Warfare Assoc,0.9498556725615932
Rio Tinto Ltd,Rio Tinto Group,0.9474456091387269
Montgomery Financial Corp,"Montgomery County, MD",0.9471020638407672
Federal Home Loan Mortgage Corp,Federal Home Loan Bank,0.9447133637809121
Technology 80 Inc,Technology Systems Inc,0.9444905740437816
American Health Properties,American Health Care Assn,0.9441276472284239
Alexander's Inc.,Alexander & Baldwin,0.9423143689068874
AmSouth Bancorporation,AmSouth Bancorp,0.9414107416686363
Evergreen Solar Inc,Evergreen Holdings,0.9409051520857864
Childrens Comprehensive Services,Children's Museum of Philadelphia,0.9389121199213677
Weight Watchers International Inc.,Weight Watchers,0.93787510812708
Unilever NV,Unilever US,0.9365312502498461
"Nestle SA, Cham Und Vevey",Nestle SA,0.9345469377990282
Northeast Indiana Bancorp Inc,Northeast Ohio University,0.9345299634697122
Global Power Equipment Group Inc,Globallift Technologies,0.9339299574847637
Westfield Minerals Ltd,Westfield Group,0.9338682280681541
Louis Dreyfus Natural Gas Corp,Louis Dreyfus SAS,0.9337965196539997
Orange PLC,"Orange County, CA",0.9336963325677168
Eastern Light Capital Inc,Eastern Pulp & Paper,0.9326066580002638
California Pizza Kitchen Inc,California Science Center,0.9323090909673991
Triant Holdings Inc,Tanana Chiefs Conference,0.9270935625333391
Mitsubishi Electric Corp,Mitsubishi Corp,0.9260188932897384
Madison Oil Co,"Madison County, KY",0.9247208161031268
Edison Mission Energy,Edison Electric Institute,0.924026964489396
Independent Bank Corp.,Independent Community Bankers of America,0.9237262690930587
Illinois Power Co,Illinois Institute of Technology,0.9227736763861859
Florida Banks Inc,Florida State College/Jacksonville,0.9207217944152369
Earthlink Network Inc,Earthlink Inc,0.9189176537076773
Manitowoc Company Inc.,Manitowoc Co,0.9180983490469878
Highlands Insurance Group Inc.,"Highlands County, FL",0.9169356277228065
Verizon Inc/VA,Veridian Corp,0.9163055994542424
Zilog Inc,Wilkes Corp,0.9140118508696116
Equitable Bank/MD,Equitable Companies,0.9139613689042749
Carpenter Technology Corp,Carpenters' Benefit Plans,0.9126885165675784
Allied Domecq PLC (New),Allied Domecq,0.9126729824405406
Mitsubishi Electric Corp,Mitsubishi Motors,0.9124298772632001
Geneva Financial Corp,"Genesee County, MI",0.9106112781520876
Primetech Electronics Inc,PrimeTEC International,0.9091800343751384
Pacific Rim Mining Corp,Pacific Mutual Holding,0.9089466470354106
Virginia Electric & Power Co,Virginia Commonwealth University,0.9078035052412495
Business Bancorp,Business Roundtable,0.9077159969825387
Jefferson Bancshares Inc,"Jefferson Parish, LA",0.9073674350740829
Susquehanna Media Co,Susquehanna Pfaltzgraff,0.9067882419756914
Alcatel ADS Optronics,Alcatel SA,0.9066947559062836
Dominion Resources Black Warrior Trust,Dominion Resources,0.9063066287393156
Parker Drilling Co,Parker Jewish Institute,0.9051382999383004
Florida Gaming Corp,Florida Sugar Cane League,0.904889487944322
Allegheny Technologies Inc,"Allegheny County, PA",0.9029717587721916
Columbia Financial of Kentucky Inc,Columbia University,0.9023621683195019
Fairfax Financial Holdings Ltd,Fairfax County Virginia,0.9021929110448859
Texas Micro Inc,Texas A&M University,0.9016856557488225
Cemex SAB de CV,CEMEX SA de CV,0.9006236047590376
PLD Telekom Inc,KidsPeace,0.9001903535242769
Enterprise Informatics Inc,Enterprise Business Law Group,0.9764347098331698
California Software Corp,California State University,0.9640020130922603
Lehman Brothers Holdings Inc,Lehman Brothers,0.9633773521703902
Cable & Wireless Communications PLC,Cable & Wireless Global,0.9609350664882605
Electronic Game Card Inc,Electronic Warfare Assoc,0.959740056217025
Williams Cos Inc.,Williams Companies,0.9586704523484334
PNC Financial Services Group Inc.,PNC Financial Services,0.9564886509088059
Northwest Pipe Co,Northwest Public Power Assn,0.9551349198214271
CTC Communications Group Inc,CTC Communications,0.9504055445275209
North American Technologies Group Inc,North America's Supercorridor Coalition,0.9502451977023119
McGraw-Hill Ryerson Ltd,McGraw-Hill Companies,0.9493023740572033
Millennium Cell Inc,Millennium Credit Markets,0.9475559339647082
Northwest Bancshares Inc,Northwest Alaska Native Assn,0.9467727861457567
CNH Global NV,CNH Global,0.9451305961635195
Federal Home Loan Mortgage Corp,Federal Home Loan Bank,0.944713168730628
Jefferson-Pilot Corp,"Jefferson County, AL",0.9443658706636991
Clearly Canadian Beverage Corp,Clear Channel Communications,0.94347808714696
Alexander's Inc.,Alexander & Baldwin,0.9423143389751508
AmSouth Bancorporation,AmSouth Bancorp,0.9414106479181973
Evergreen Solar Inc,Evergreen Holdings,0.9409051651246937
Citizens Inc.,Citizens Communications,0.9394809943481045
Childrens Comprehensive Services,Children's Museum of Philadelphia,0.9389121177422617
Unilever NV,Unilever US,0.9365313721234854
Mobile Climate Control Industries Inc,"Mobile County, AL",0.936434807380855
Technology Select Sector SPDR Fund,Technology Systems Inc,0.9360340715464895
"Nestle SA, Cham Und Vevey",Nestle SA,0.9345470182478948
Northeast Indiana Bancorp Inc,Northeast Ohio University,0.93452996720502
Global Power Equipment Group Inc,Globallift Technologies,0.9339300997381851
Louis Dreyfus Natural Gas Corp,Louis Dreyfus SAS,0.9337964839059143
Technicoil Corp,Technikon LLC,0.9331805164057556
Eastern Light Capital Inc,Eastern Pulp & Paper,0.9326065234839226
California Pizza Kitchen Inc,California Science Center,0.9323090686026011
Heritage Explorations Ltd,Heritage Environmental Services,0.9310277420846232
Rockwell Medical Inc,Rockwell International,0.9296547899029306
Coast Dental Services Inc,Coast Development Group,0.9278198040716269
Triant Holdings Inc,Tanana Chiefs Conference,0.9270935564495508
Spectrum Group International Inc,Spectrum Group,0.9266185326677882
Madison Oil Co,"Madison County, KY",0.9247204369471462
Edison Mission Energy,Edison Electric Institute,0.9240273558306218
Independent Bank Corp.,Independent Community Bankers of America,0.9237263679716535
Spectrum Control Inc,Spectrum Consulting,0.92307251573374
European American Resources,European Aeronautic Defence & Space,0.9228769145876972
Illinois Power Co,Illinois Institute of Technology,0.9227735885683687
Atlas Air Worldwide Holdings Inc.,Atlas Air Worldwide,0.9216028202299515
Harvard Industries Inc,Harvard University,0.9204962897608128
Montana Mills Bread Co Inc.,Montana State University,0.920338725999221
Manitowoc Company Inc.,Manitowoc Co,0.918098311583139
Educational Development Corp,Education Investment Co,0.9173501072509347
Universal American Corp,Universal Bearing,0.9172861227378982
Cleveland-Cliffs Inc,Cleveland Clinic,0.9171238490033411
Household Finance Corp,Household International,0.9165648594996062
Zilog Inc,Wilkes Corp,0.9140118559240543
Equitable Bank/MD,Equitable Companies,0.9139613828148131
Allied Domecq PLC (New),Allied Domecq,0.912672930705479
Mitsubishi Electric Corp,Mitsubishi Motors,0.9124297701858678
Geneva Financial Corp,"Genesee County, MI",0.9106113533858708
Pacific Rim Mining Corp,Pacific Mutual Holding,0.9089466545098207
Business Bancorp,Business Roundtable,0.9077159603557992
Sierra Systems Group Inc,Sierra Grain Terminal,0.9075406284368955
Jefferson Bancshares Inc,"Jefferson Parish, LA",0.9073674043856418
Alcatel ADS Optronics,Alcatel SA,0.9066945799395542
Southeastern Bank Financial Corp,Southeastern Colorado Water Conservancy,0.9053633935033296
Parker Drilling Co,Parker Jewish Institute,0.9051382683812734
United Defense Industries Inc.,United Defense,0.9047435422180153
Advanced Photonix Inc.,Advanced Concepts & Technologies Intl,0.904233476384578
Allegheny Technologies Inc,"Allegheny County, PA",0.9029718061425696
Columbia Financial of Kentucky Inc,Columbia University,0.9023622437543413
Express Scripts Holding Co,Express Trak,0.902292739818327
Fairfax Financial Holdings Ltd,Fairfax County Virginia,0.9021929776467346
Imperial Bancorp,Imperial Bioresources,0.9015548902213485
Zions Bancorporation,Zions Bancorp,0.9011208435184302
Cemex SAB de CV,CEMEX SA de CV,0.9006235799297166
American Physicians Capital Inc,American Physical Therapy Assn,0.9001894812124277
Roche Holding AG,Roche Holdings,0.9723571233990095
California Software Corp,California State University,0.9640020099647768
Lehman Brothers Holdings Inc,Lehman Brothers,0.9633775644139139
Intelligent Controls Inc,Intelligent Optical Systems,0.9633281587639029
Societe Generale Group,Societe Generale,0.9632810195675113
Cable & Wireless Communications PLC,Cable & Wireless Global,0.9609353047785666
Electronic Game Card Inc,Electronic Warfare Assoc,0.9597400355072202
Williams Cos Inc.,Williams Companies,0.9586702331560527
PNC Financial Services Group Inc.,PNC Financial Services,0.9564887400513835
Valley Bancorp,Valley Health System,0.9530033490333937
ICTS International NV,ICTS International,0.9511783655646606
Appalachian Power,Appalachia Investments,0.9510896354733103
CTC Communications Group Inc,CTC Communications,0.9504056977113461
North American Technologies Group Inc,North America's Supercorridor Coalition,0.9502451597325978
Community West Bancshares,Community Service,0.9487832344056506
Millennium Cell Inc,Millennium Credit Markets,0.9475559253419701
Rio Tinto Ltd,Rio Tinto Group,0.9474456320254888
Northwest Bancshares Inc,Northwest Alaska Native Assn,0.9467727845629792
CNH Global NV,CNH Global,0.9451305929523187
Federal Home Loan Mortgage Corp,Federal Home Loan Bank,0.9447132650192621
Clearly Canadian Beverage Corp,Clear Channel Communications,0.9434779469681049
Alexander's Inc.,Alexander & Baldwin,0.942314391659826
Citizens Inc.,Citizens Communications,0.9394809890209533
Allegheny Energy Supply Co LLC,Allegheny General Hospital,0.9375358818953946
Mobile Climate Control Industries Inc,"Mobile County, AL",0.936434829673479
Technology Select Sector SPDR Fund,Technology Systems Inc,0.9360340458767499
"Nestle SA, Cham Und Vevey",Nestle SA,0.9345468703677425
Northeast Indiana Bancorp Inc,Northeast Ohio University,0.9345299445221151
Global Power Equipment Group Inc,Globallift Technologies,0.933929982933684
Louis Dreyfus Natural Gas Corp,Louis Dreyfus SAS,0.9337964075211775
Technicoil Corp,Technikon LLC,0.9331805001657039
Eastern Light Capital Inc,Eastern Pulp & Paper,0.9326066572680766
California Pizza Kitchen Inc,California Science Center,0.9323091223442967
Mitsubishi Electric Corp,Mitsubishi Gas Chemical,0.9315675834971388
Heritage Explorations Ltd,Heritage Environmental Services,0.9310278172523978
West Penn Power Co,West Penn Allegheny Health Systems,0.9310079672835007
Rockwell Medical Inc,Rockwell International,0.9296548271677849
Coast Dental Services Inc,Coast Development Group,0.9278197409242591
Triant Holdings Inc,Tanana Chiefs Conference,0.927093436517078
Universal Logistics Holdings Inc,University of Kentucky,0.9266353272008766
Spectrum Group International Inc,Spectrum Group,0.9266186974065752
Madison Oil Co,"Madison County, KY",0.9247206109897621
Edison Mission Energy,Edison Electric Institute,0.9240270226229037
Independent Bank Corp.,Independent Community Bankers of America,0.923726288492334
Spectrum Control Inc,Spectrum Consulting,0.9230724268430016
European American Resources,European Aeronautic Defence & Space,0.9228768641524795
Illinois Power Co,Illinois Institute of Technology,0.9227735535122629
Montana Mills Bread Co Inc.,Montana State University,0.9203385419409016
Citizens Republic Bancorp Inc,Citizens Commission On Holocaust Assets,0.9173689171247453
Educational Development Corp,Education Investment Co,0.9173501211513551
Universal American Corp,Universal Bearing,0.9172860969781129
Allied Domecq PLC (New),Allied Domecq,0.9126729375737881
Mitsubishi Electric Corp,Mitsubishi Motors,0.9124298583364557
Montgomery Financial Corp,Montgomery Air,0.9114241962935388
Park City Group Inc,"Park City, UT",0.9103082082906196
Pacific Rim Mining Corp,Pacific Mutual Holding,0.9089467949318027
Business Bancorp,Business Roundtable,0.9077159797682854
Cherokee International Corp,Cherokee Nation of Oklahoma,0.9075663940130975
Susquehanna Media Co,Susquehanna Pfaltzgraff,0.906788270937839
Alcatel ADS Optronics,Alcatel SA,0.9066945639645149
Dominion Resources Black Warrior Trust,Dominion Resources,0.9063065775797583
Southeastern Bank Financial Corp,Southeastern Colorado Water Conservancy,0.9053634968811511
United Defense Industries Inc.,United Defense,0.9047436128193395
Advanced Photonix Inc.,Advanced Concepts & Technologies Intl,0.9042335158190259
National Rural Utilities Cooperative Finance Corp,National Auto Dealers Assn,0.9041080623191274
Allegheny Technologies Inc,"Allegheny County, PA",0.9029717981991984
Express Scripts Holding Co,Express Trak,0.902292804475692
Fairfax Financial Holdings Ltd,Fairfax County Virginia,0.9021930400521013
Zions Bancorporation,Zions Bancorp,0.9011207315474318
Cemex SAB de CV,CEMEX SA de CV,0.9006235923380141
American Physicians Capital Inc,American Physical Therapy Assn,0.9001892544223095
Pioneer Natural Resources Co,Pioneer Natural Resources USA,0.9894976952926776
Technology Spectrum Inc,Technology Systems Inc,0.9650246122688587
E*TRADE Financial Corporation,E*TRADE Financial,0.9649587971782506
California Software Corp,California State University,0.9640019689694295
Intelligent Controls Inc,Intelligent Optical Systems,0.9633278665829806
Societe Generale Group,Societe Generale,0.9632810362330742
Electronic Game Card Inc,Electronic Warfare Assoc,0.9597401697613305
PNC Financial Services Group Inc.,PNC Financial Services,0.9564886581626921
Three Rivers Bancorp Inc,Three Rivers Holdings,0.9558977487220225
Northwest Pipe Co,Northwest Public Power Assn,0.9551348520978047
Valley Bancorp,Valley Health System,0.9530033213686497
ICTS International NV,ICTS International,0.951178402330508
Appalachian Power,Appalachia Investments,0.9510897471125276
North American Technologies Group Inc,North America's Supercorridor Coalition,0.9502453122560591
McGraw-Hill Ryerson Ltd,McGraw-Hill Companies,0.9493023885554377
Community West Bancshares,Community Service,0.948783362908057
American Seafoods Corp,American Seafoods Holdings,0.948477265162856
Rio Tinto Ltd,Rio Tinto Group,0.9474456620575914
Northwest Bancshares Inc,Northwest Alaska Native Assn,0.9467728805156785
First American Scientific Corp,First American Corp,0.9451684201620243
CNH Global NV,CNH Global,0.9451306068484461
Federal Home Loan Mortgage Corp,Federal Home Loan Bank,0.9447137537717967
Jefferson-Pilot Corp,"Jefferson County, AL",0.9443658652493171
Pacific Rim Mining Corp,Pacific Rim Environmental Resources,0.9428618204925683
Alexander's Inc.,Alexander & Baldwin,0.9423143178864977
AmSouth Bancorporation,AmSouth Bancorp,0.9414105992647098
World Health Alternatives,World Health Organization,0.9400292871107275
Pennsylvania Power Co,Pennsylvania REIT,0.9386130408192895
Advanced Medical Optics Inc.,Advanced Television Systems Committee,0.9381672312927268
Allegheny Energy Supply Co LLC,Allegheny General Hospital,0.9375358022945864
Mobile Climate Control Industries Inc,"Mobile County, AL",0.9364348556044427
"Nestle SA, Cham Und Vevey",Nestle SA,0.9345469131111074
Northeast Indiana Bancorp Inc,Northeast Ohio University,0.9345299483422713
General Motors Co,General Atomics,0.9326482613852562
California Pizza Kitchen Inc,California Science Center,0.9323090482248886
Mitsubishi Electric Corp,Mitsubishi Gas Chemical,0.9315675668736506
First Community Bancshares Inc,First Command Financial Services,0.9295414005332622
Global Crossing Ltd,Global Crossing Development Corp,0.9285518840453153
Coast Dental Services Inc,Coast Development Group,0.9278197179202309
Triant Holdings Inc,Tanana Chiefs Conference,0.9270935486172953
Universal Logistics Holdings Inc,University of Kentucky,0.92663503485517
Spectrum Group International Inc,Spectrum Group,0.9266185412205258
Argan Inc,Arxan Inc,0.9252747118590887
Rockwood Specialties Group Inc.,Rockwood Holdings,0.9247541828220933
Edison Mission Energy,Edison Electric Institute,0.9240272895809009
Independent Bank Corp.,Independent Community Bankers of America,0.9237262216963674
Spectrum Control Inc,Spectrum Consulting,0.9230724326260753
European American Resources,European Aeronautic Defence & Space,0.9228767787251904
Florida Banks Inc,Florida State College/Jacksonville,0.9207222917520637
Montana Mills Bread Co Inc.,Montana State University,0.9203386984228994
Communications Systems Inc.,Communications Workers of America,0.9187780378554474
Minnesota Municipal Term Trust Inc. II,Minnesota State University,0.9182708007299624
Manitowoc Company Inc.,Manitowoc Co,0.9180982312100594
Childrens Place Inc,Children's Museum of Philadelphia,0.9174454067730962
Citizens Republic Bancorp Inc,Citizens Commission On Holocaust Assets,0.9173690413392186
Educational Development Corp,Education Investment Co,0.9173501735610743
Universal American Corp,Universal Bearing,0.9172859815045802
Cleveland-Cliffs Inc,Cleveland Clinic,0.9171238315162896
Advanced Analogic Technologies Inc,Advanced Concepts & Technologies Intl,0.9166569048177181
Center Trust Inc.,Center for American Progress,0.914864983781723
Zilog Inc,Wilkes Corp,0.9140118517875696
Allied Domecq PLC (New),Allied Domecq,0.9126729193752708
Geneva Financial Corp,"Genesee County, MI",0.9106114771628236
Park City Group Inc,"Park City, UT",0.9103082184357435
Hillsborough Resources Ltd,"Hillsborough County, FL",0.9098531604311842
Pacific Rim Mining Corp,Pacific Mutual Holding,0.9089468119246921
Royal Group Technologies Ltd,Royal Ahold,0.9087311224510392
Cherokee International Corp,Cherokee Nation of Oklahoma,0.9075664554267793
Jefferson Bancshares Inc,"Jefferson Parish, LA",0.9073673703008301
Susquehanna Media Co,Susquehanna Pfaltzgraff,0.9067881803333844
Alcatel ADS Optronics,Alcatel SA,0.9066945732537282
Dominion Resources Black Warrior Trust,Dominion Resources,0.9063065579511351
Southeastern Bank Financial Corp,Southeastern Colorado Water Conservancy,0.9053633587247994
Florida Gaming Corp,Florida Sugar Cane League,0.9048893364616669
United Defense Industries Inc.,United Defense,0.9047434502129162
National Rural Utilities Cooperative Finance Corp,National Auto Dealers Assn,0.9041084655894559
Essex Corp,"Essex County, MA",0.9038429827004791
Allegheny Technologies Inc,"Allegheny County, PA",0.9029717991600837
New York Film Works Inc,New York University,0.9026799050191577
Express Scripts Holding Co,Express Trak,0.9022928305688446
Zions Bancorporation,Zions Bancorp,0.9011209843368748
American Physicians Capital Inc,American Physical Therapy Assn,0.9001897179049838
Pioneer Natural Resources Co,Pioneer Natural Resources USA,0.989497682931523
American Financial Group Inc,American Financial Services Assn,0.9683075033076299
Technology Spectrum Inc,Technology Systems Inc,0.9650245431404476
E*TRADE Financial Corporation,E*TRADE Financial,0.9649588277835299
Electronic Game Card Inc,Electronic Warfare Assoc,0.9597400631720584
Williams Cos Inc.,Williams Companies,0.9586704537393969
PNC Financial Services Group Inc.,PNC Financial Services,0.9564887390424059
Valley Bancorp,Valley Health System,0.9530033753424727
First State Bancorporation Inc,First State Bancshares of Blakely,0.9518518342914771
ICTS International NV,ICTS International,0.951178332567887
North American Technologies Group Inc,North America's Supercorridor Coalition,0.950245096151138
McGraw-Hill Ryerson Ltd,McGraw-Hill Companies,0.9493022149341098
Community West Bancshares,Community Service,0.9487833412842034
American Seafoods Corp,American Seafoods Holdings,0.948477236472629
Republic Property Trust,Republic of Lativa,0.9477474163175796
Northwest Bancshares Inc,Northwest Alaska Native Assn,0.9467731085588876
First American Scientific Corp,First American Corp,0.9451685325036767
CNH Global NV,CNH Global,0.9451306100596725
Jefferson-Pilot Corp,"Jefferson County, AL",0.9443658495507925
Alexander's Inc.,Alexander & Baldwin,0.9423143357661206
AmSouth Bancorporation,AmSouth Bancorp,0.9414106119408646
World Health Alternatives,World Health Organization,0.9400292365242235
Citizens Inc.,Citizens Communications,0.9394808407905317
Pennsylvania Power Co,Pennsylvania REIT,0.9386131450027815
Advanced Medical Optics Inc.,Advanced Television Systems Committee,0.9381672382616794
Allegheny Energy Supply Co LLC,Allegheny General Hospital,0.93753604695015
Mobile Climate Control Industries Inc,"Mobile County, AL",0.9364347074750545
"Nestle SA, Cham Und Vevey",Nestle SA,0.9345470135272327
Contrans Group Inc,Contran Corp,0.9341967647324821
New York Health Care Inc,New York State Public Housing Authority,0.9340760090292629
California Grapes International Inc,California State University,0.9340637742227809
California Pizza Kitchen Inc,California Science Center,0.9323090980895513
Mitsubishi Electric Corp,Mitsubishi Gas Chemical,0.9315675773442821
First Community Bancshares Inc,First Command Financial Services,0.9295417214613112
Coast Dental Services Inc,Coast Development Group,0.9278196564496172
Triant Holdings Inc,Tanana Chiefs Conference,0.9270934280866601
Universal Logistics Holdings Inc,University of Kentucky,0.926635388173699
Spectrum Group International Inc,Spectrum Group,0.9266185038932974
Mitsubishi Electric Corp,Mitsubishi Corp,0.9260188933965269
Argan Inc,Arxan Inc,0.9252746913586235
Gemstar TV Guide International Inc,Gemstar-TV Guide International,0.9245526456251196
Edison Mission Energy,Edison Electric Institute,0.9240273471760709
Independent Bank Corp.,Independent Community Bankers of America,0.9237262004253347
Spectrum Control Inc,Spectrum Consulting,0.9230725182809779
Porter Bancorp Inc,Porter Technologies,0.9220146625837035
Florida Banks Inc,Florida State College/Jacksonville,0.9207219470427851
Providence Service Corp,Providence Health & Services,0.9201062572446974
Communications Systems Inc.,Communications Workers of America,0.9187780825107237
Manitowoc Company Inc.,Manitowoc Co,0.918098359529211
First Niagara Financial Group Inc,First National of Nebraska,0.9175816205789421
Childrens Place Inc,Children's Museum of Philadelphia,0.9174453573602823
Citizens Republic Bancorp Inc,Citizens Commission On Holocaust Assets,0.9173689190599361
Educational Development Corp,Education Investment Co,0.9173502008914389
Universal American Corp,Universal Bearing,0.9172860802292703
PacificNet Inc,Pacific Rim Environmental Resources,0.9144016290113892
Equitable Group Inc,Equitable Resources,0.9143222358522913
Mitsubishi Electric Corp,Mitsubishi Motors,0.9124298199407285
Intelligent Communication Enterprise Corp,Intelligent Optical Systems,0.9112250696710623
Park City Group Inc,"Park City, UT",0.9103082384115813
Hillsborough Resources Ltd,"Hillsborough County, FL",0.9098530973607218
PacificNet Inc,Pacific Mutual Holding,0.9089288233977356
Advanced Fiber Technologies (AFT) Income Fund,Advanced Integrated Management Services,0.9084491572537859
Jefferson Bancshares Inc,"Jefferson Parish, LA",0.9073673485553834
Susquehanna Media Co,Susquehanna Pfaltzgraff,0.9067882694158975
Dominion Resources Black Warrior Trust,Dominion Resources,0.9063064839657687
Allegheny Energy Inc.,Allegis Group,0.9055914926926615
Southeastern Bank Financial Corp,Southeastern Colorado Water Conservancy,0.905363532615355
Florida Gaming Corp,Florida Sugar Cane League,0.9048894627707942
United Defense Industries Inc.,United Defense,0.9047436782968604
National Rural Utilities Cooperative Finance Corp,National Auto Dealers Assn,0.9041077717290482
Allegheny Technologies Inc,"Allegheny County, PA",0.9029717672962598
New York Film Works Inc,New York University,0.9026798970506674
Zions Bancorporation,Zions Bancorp,0.9011207530683972
American Physicians Capital Inc,American Physical Therapy Assn,0.9001899906364962
American Financial Group Inc,American Financial Services Assn,0.9683076773118611
San Diego Gas & Electric Co,San Diego State University,0.9652031126756127
Technology Spectrum Inc,Technology Systems Inc,0.9650245978655889
E*TRADE Financial Corporation,E*TRADE Financial,0.9649588121928762
Spectrum Brands Holdings Inc,Spectrum Brands,0.9626387799838916
Williams Cos Inc.,Williams-Pyro Inc,0.96261197537032
PNC Financial Services Group Inc.,PNC Financial Services,0.9564887435382932
Valley Bancorp,Valley Health System,0.9530035358545512
First State Bancorporation Inc,First State Bancshares of Blakely,0.9518517530818987
ICTS International NV,ICTS International,0.9511780886017054
North American Technologies Group Inc,North America's Supercorridor Coalition,0.9502452631949357
McGraw-Hill Ryerson Ltd,McGraw-Hill Companies,0.9493023214084662
Republic Property Trust,Republic of Lativa,0.9477476891987414
Fairmont Hotels & Resorts Inc.,Fairmont Homes,0.9471063693160913
Northwest Bancshares Inc,Northwest Alaska Native Assn,0.9467729363977159
First American Scientific Corp,First American Corp,0.9451683702109273
Federal Home Loan Mortgage Corp,Federal Home Loan Bank,0.94471353411092
Jefferson-Pilot Corp,"Jefferson County, AL",0.9443659921389154
World Health Alternatives,World Health Organization,0.9400292019896499
Venture Catalyst Inc/UT,Venture Healthcare Systems,0.9386743849247478
Pennsylvania Power Co,Pennsylvania REIT,0.9386131175696361
New York & Co Inc,New York Stock Exchange,0.9368659397149741
Mobile Climate Control Industries Inc,"Mobile County, AL",0.9364348517437036
"Nestle SA, Cham Und Vevey",Nestle SA,0.9345469589840316
New York Health Care Inc,New York State Public Housing Authority,0.9340761804499378
California Grapes International Inc,California State University,0.9340637517024993
General Motors Co,General Atomics,0.9326482868865341
California Pizza Kitchen Inc,California Science Center,0.9323090972624535
West Penn Power Co,West Penn Allegheny Health Systems,0.9310078237785122
First Community Bancshares Inc,First Command Financial Services,0.9295416769749766
Applied Neurosolutions Inc,Applied Digital Solutions,0.9275486818049816
Livingston International Income Fund,Livingston Group,0.927307870315598
Triant Holdings Inc,Tanana Chiefs Conference,0.9270933309558672
Universal Logistics Holdings Inc,University of Kentucky,0.9266351385044264
Spectrum Group International Inc,Spectrum Group,0.9266186727858189
Gemstar TV Guide International Inc,Gemstar-TV Guide International,0.9245524986288346
Georgia Power Co,Georgia Tech,0.9241736029784188
Edison Mission Energy,Edison Electric Institute,0.9240272558975675
Great Panther Silver Ltd,Great Projects Film Co,0.9238543170753523
Independent Bank Corp.,Independent Community Bankers of America,0.9237262107790296
Spectrum Control Inc,Spectrum Consulting,0.9230725231154809
Porter Bancorp Inc,Porter Technologies,0.922014608263748
Atlas Air Worldwide Holdings Inc.,Atlas Air Worldwide,0.9216027937668271
Florida Banks Inc,Florida State College/Jacksonville,0.9207218115071489
Providence Service Corp,Providence Health & Services,0.9201063620448416
Williams Cos Inc.,Williams Kherkher,0.9189266850315528
North American Tungsten Corp Ltd,North American Midway Entertainment,0.9180425230873338
First Niagara Financial Group Inc,First National of Nebraska,0.917581535210974
Childrens Place Inc,Children's Museum of Philadelphia,0.9174452735323213
Universal American Corp,Universal Bearing,0.9172862107786764
Cleveland-Cliffs Inc,Cleveland Clinic,0.9171237778953554
PacificNet Inc,Pacific Rim Environmental Resources,0.9144017900302102
Equitable Group Inc,Equitable Resources,0.9143222524257816
Zilog Inc,Wilkes Corp,0.9140118502921989
Geneva Financial Corp,"Genesee County, MI",0.9106114420426716
Park City Group Inc,"Park City, UT",0.9103082165801776
Hillsborough Resources Ltd,"Hillsborough County, FL",0.9098531345084439
PacificNet Inc,Pacific Mutual Holding,0.9089288148646203
Royal Group Technologies Ltd,Royal Ahold,0.908731382730439
Advanced Fiber Technologies (AFT) Income Fund,Advanced Integrated Management Services,0.9084493493653459
Cherokee International Corp,Cherokee Nation of Oklahoma,0.9075663195480538
St Joseph Capital Corp,St Joseph's Hospital,0.9069015633623108
Susquehanna Media Co,Susquehanna Pfaltzgraff,0.9067883339128495
Dominion Resources Black Warrior Trust,Dominion Resources,0.9063065485175712
Southeastern Bank Financial Corp,Southeastern Colorado Water Conservancy,0.9053635085822272
Florida Gaming Corp,Florida Sugar Cane League,0.9048894093404742
National Rural Utilities Cooperative Finance Corp,National Auto Dealers Assn,0.9041083100911625
Barclays Africa Group Ltd,Barclays Private Equity,0.9033594726815243
Black & Decker Corp,Black Television News Network,0.9023886979974978
Express Scripts Holding Co,Express Trak,0.9022927269203334
Quest Energy Partners LP,Quest Integrated,0.9013987707634588
Zions Bancorporation,Zions Bancorp,0.9011207880408598
American Physicians Capital Inc,American Physical Therapy Assn,0.9001895862030522
Roche Holding AG,Roche Holdings,0.972357097894264
American Financial Group Inc,American Financial Services Assn,0.9683077506428525
San Diego Gas & Electric Co,San Diego State University,0.9652030392296265
Spectrum Brands Holdings Inc,Spectrum Brands,0.9626381053587193
Williams Cos Inc.,Williams-Pyro Inc,0.9626126233361064
Peoples Bancorp Inc,People's Republic of Bangladesh,0.9617994287014001
Electronic Game Card Inc,Electronic Warfare Assoc,0.9597400816904935
PNC Financial Services Group Inc.,PNC Financial Services,0.9564887668708365
ICTS International NV,ICTS International,0.9511781573388396
McGraw-Hill Ryerson Ltd,McGraw-Hill Companies,0.949302143143999
Rio Tinto Ltd,Rio Tinto Group,0.9474456609778592
Fairmont Hotels & Resorts Inc.,Fairmont Homes,0.9471062868291606
First American Scientific Corp,First American Corp,0.945168307054374
Government Properties Trust Inc.,Government of Panama,0.9446770868757985
Jefferson-Pilot Corp,"Jefferson County, AL",0.9443659771664041
World Health Alternatives,World Health Organization,0.9400291061083509
Venture Catalyst Inc/UT,Venture Healthcare Systems,0.9386739482016789
First National AlarmCap Income Fund,First National of Nebraska,0.9374894118883613
Technology Select Sector SPDR Fund,Technology Systems Inc,0.9360340839059571
"Nestle SA, Cham Und Vevey",Nestle SA,0.9345468318444415
New York Health Care Inc,New York State Public Housing Authority,0.9340761752091451
California Grapes International Inc,California State University,0.9340637672027825
General Motors Co,General Atomics,0.9326482744405731
IntelliSync Corp,Intellicheck Mobilisa,0.9323551333927363
Worldwide Restaurant Concept Inc.,Worldwide Aeros,0.9307168631137306
Protective Products of America Inc,Protectseniors.org,0.9297798561983147
First Community Bancshares Inc,First Command Financial Services,0.9295415858751593
Applied Neurosolutions Inc,Applied Digital Solutions,0.9275486623730281
Triant Holdings Inc,Tanana Chiefs Conference,0.9270935665858648
Universal Logistics Holdings Inc,University of Kentucky,0.926634980537536
Spectrum Group International Inc,Spectrum Group,0.9266185128144621
Georgia Power Co,Georgia Tech,0.9241736120688686
Edison Mission Energy,Edison Electric Institute,0.9240273611685653
Independent Bank Corp.,Independent Community Bankers of America,0.9237262949797701
Spectrum Control Inc,Spectrum Consulting,0.9230725314161643
Atlas Air Worldwide Holdings Inc.,Atlas Air Worldwide,0.921602602273973
Providence Service Corp,Providence Health & Services,0.9201060945310486
Williams Cos Inc.,Williams Kherkher,0.9189269669766515
Equitable Group Inc,Equitable Resources,0.9143223398001206
Scientific Learning Corp,Scientific Systems Co,0.913564348218885
Hong Kong Television Network Ltd,Hong Kong Special Admin Regional Govt,0.9128352913413927
EchoStar Corp,EchoStar Communications,0.912427485429757
Oceanic Exploration Co,Oceanic,0.9106545911668623
Mobilepro Corp,"Mobile County, AL",0.9103976550863588
Hillsborough Resources Ltd,"Hillsborough County, FL",0.9098530587208313
Universal Technical Institute Inc.,Universal Communications Systems Inc,0.9081678504530449
St Joseph Capital Corp,St Joseph's Hospital,0.9069014939306412
"Acambis PLC, Cambridge",Acambis Inc,0.906400660431809
Intrepid Mines Ltd,Intrepid Mining,0.9055714075997559
Southeastern Bank Financial Corp,Southeastern Colorado Water Conservancy,0.9053635749823423
National Rural Utilities Cooperative Finance Corp,National Auto Dealers Assn,0.9041078937479154
Allegheny Technologies Inc,"Allegheny County, PA",0.9029718016085956
Black & Decker Corp,Black Television News Network,0.902388825069047
Express Scripts Holding Co,Express Trak,0.9022927874875247
Zions Bancorporation,Zions Bancorp,0.9011208159973443
Cemex SAB de CV,CEMEX SA de CV,0.9006235923507486
American Financial Group Inc,American Financial Services Assn,0.968307730351707
San Diego Gas & Electric Co,San Diego State University,0.9652030300215139
Colliers International Group Inc,Colliers International,0.9626653549542064
Spectrum Brands Holdings Inc,Spectrum Brands,0.9626385533620618
Williams Cos Inc.,Williams-Pyro Inc,0.9626120909412602
Wolters Kluwer NV,Wolters Kluwer,0.9617441475086795
Electronic Game Card Inc,Electronic Warfare Assoc,0.9597398372809065
Independence Community Bank Corp.,Independent Office Products/Furniture Dealers Assn,0.9570575832350197
PNC Financial Services Group Inc.,PNC Financial Services,0.9564886638874726
Valley Bancorp,Valley Health System,0.9530033241419136
ICTS International NV,ICTS International,0.9511782534375381
McGraw-Hill Ryerson Ltd,McGraw-Hill Companies,0.9493022580160441
Broadcast International Inc,Broadcasting Media Partners,0.9491838003047998
First Interstate BancSystem Inc,First Command Financial Services,0.9482469148084838
Rio Tinto Ltd,Rio Tinto Group,0.9474456475920181
Fairmont Hotels & Resorts Inc.,Fairmont Homes,0.947106354397331
Northwest Bancshares Inc,Northwest Alaska Native Assn,0.9467728097093927
First American Scientific Corp,First American Corp,0.9451683764024688
Federal Home Loan Mortgage Corp,Federal Home Loan Bank,0.9447135075138045
Franklin Resources Inc,Franklin Credit Management Corp,0.9424456352175443
Alexander's Inc.,Alexander & Baldwin,0.9423143865973025
Pioneer Cos Inc.,Pioneer Corp,0.9398584998523982
Alabama National BanCorporation,Alabama Southern Community College,0.9396439482468547
Venture Catalyst Inc/UT,Venture Healthcare Systems,0.9386745185703851
Pharmaceutical Products Development Inc,Pharma Services Acquisition Corp,0.9377791442871962
First National AlarmCap Income Fund,First National of Nebraska,0.9374892813605209
Technology Select Sector SPDR Fund,Technology Systems Inc,0.9360338830667266
New York Health Care Inc,New York State Public Housing Authority,0.9340759313357435
California Grapes International Inc,California State University,0.934063735550882
General Motors Co,General Atomics,0.9326485018550699
Protective Products of America Inc,Protectseniors.org,0.9297798873782759
Spectrum Group International Inc,Spectrum Group,0.9266185388565763
Northern Illinois Gas,Northern Indiana Commuter Transit Dist,0.9253403910283899
CH2M HILL Companies Ltd.,CH2M HILL,0.9240471619697579
Edison Mission Energy,Edison Electric Institute,0.9240272099741228
Great Panther Silver Ltd,Great Projects Film Co,0.923854568140946
Independent Bank Corp.,Independent Community Bankers of America,0.9237261322542949
Spectrum Control Inc,Spectrum Consulting,0.9230725182661449
Global Earth Energy Inc,Global Seas - Mt Mitchell,0.9221597310258215
Atlas Air Worldwide Holdings Inc.,Atlas Air Worldwide,0.9216029367902481
Providence Service Corp,Providence Health & Services,0.9201062343942511
North American Tungsten Corp Ltd,North American Midway Entertainment,0.918042611792185
Childrens Place Inc,Children's Museum of Philadelphia,0.9174452770861663
Cleveland-Cliffs Inc,Cleveland Clinic,0.9171237786895398
Hercules Capital Inc,Hercules Holding,0.9167402579888071
European Electric Metals Inc,European Aeronautic Defence & Space,0.9162567441571136
PacificNet Inc,Pacific Rim Environmental Resources,0.9144016999898321
Equitable Group Inc,Equitable Resources,0.9143223863329121
Hong Kong Television Network Ltd,Hong Kong Special Admin Regional Govt,0.9128354389345138
Colorado Interstate Gas Co,Colorado River Water Conservation Dist,0.9115698107316882
Mobilepro Corp,"Mobile County, AL",0.9103976629643756
PacificNet Inc,Pacific Mutual Holding,0.9089289677555308
Telvent GIT SA,Tengelmann Warenhandelsgesellschaft KG,0.9074733205552759
Capital One Financial Corp.,Capital District Physicians' Health Plan,0.9074141742726257
Wendy's/Arby's Group Inc - Pro Forma,Wendy's/Arby's Group,0.9066751218141321
Intrepid Mines Ltd,Intrepid Mining,0.9055714224041684
Southeastern Bank Financial Corp,Southeastern Colorado Water Conservancy,0.9053634912915348
Lyondell Chemical Co,LyondellBasell Industries,0.9050307941101439
Florida Gaming Corp,Florida Sugar Cane League,0.9048894519844961
National Rural Utilities Cooperative Finance Corp,National Auto Dealers Assn,0.9041080505830451
Essex Corp,"Essex County, MA",0.903842986653022
Bridgeport Ventures Inc,Bridgestone Corp,0.9036386004841187
Allegheny Technologies Inc,"Allegheny County, PA",0.9029717623035803
Black & Decker Corp,Black Television News Network,0.9023887329393248
Express Scripts Holding Co,Express Trak,0.9022929132885934
Team Health Holdings Inc,Team Health,0.9016512072611376
Quest Energy Partners LP,Quest Integrated,0.9013987486732475
Zions Bancorporation,Zions Bancorp,0.9011208896899978
Baker Hughes Inc,Baker & Daniels,0.9003016357353611
Roche Holding AG,Roche Holdings,0.9723570957910084
Fidelity National Financial Inc FNF Group,Fidelity National Financial,0.9669708790745392
Colliers International Group Inc,Colliers International,0.962665481166191
Spectrum Brands Holdings Inc,Spectrum Brands,0.9626385628619087
Williams Cos Inc.,Williams-Pyro Inc,0.9626118917743556
Wolters Kluwer NV,Wolters Kluwer,0.9617441170770161
PNC Financial Services Group Inc.,PNC Financial Services,0.9564887615257597
McGraw-Hill Ryerson Ltd,McGraw-Hill Companies,0.9493021460393013
Broadcast International Inc,Broadcasting Media Partners,0.9491837679401641
First Interstate BancSystem Inc,First Command Financial Services,0.9482471758384032
Rio Tinto Ltd,Rio Tinto Group,0.9474456465122003
Northwest Bancshares Inc,Northwest Alaska Native Assn,0.946772946353345
Liberty Media Corp Entertainment Group,Liberty Media,0.9467109296253798
First American Scientific Corp,First American Corp,0.9451684751452161
Providence Resources Corp,Providence Health & Services,0.9451636585632667
Federal Home Loan Mortgage Corp,Federal Home Loan Bank,0.944713767626541
Franklin Resources Inc,Franklin Credit Management Corp,0.9424458386322339
Independent Nickel Corp,Independent Office Products/Furniture Dealers Assn,0.9414411312112513
Evergreen Solar Inc,Evergreen Holdings,0.9409051303008438
Pioneer Cos Inc.,Pioneer Corp,0.9398584962165282
Alabama National BanCorporation,Alabama Southern Community College,0.9396441930323888
Pharmaceutical Products Development Inc,Pharma Services Acquisition Corp,0.9377792151916077
First National AlarmCap Income Fund,First National of Nebraska,0.9374892879621837
Liberty Mutual Agency Corp,Liberty Mutual,0.9374082336852629
Technology Select Sector SPDR Fund,Technology Systems Inc,0.9360340278076498
"Nestle SA, Cham Und Vevey",Nestle SA,0.9345469176929398
Contrans Group Inc,Contran Corp,0.9341967451411028
New York Health Care Inc,New York State Public Housing Authority,0.9340761269236486
California Grapes International Inc,California State University,0.9340637338206101
California Pizza Kitchen Inc,California Science Center,0.9323091140536647
NCI Inc,ICI LLC,0.9315076444873308
Protective Products of America Inc,Protectseniors.org,0.9297798427455822
New Mountain Finance Corp,New Mountain Capital,0.9281542571268667
Spectrum Group International Inc,Spectrum Group,0.9266185065891278
Northern Illinois Gas,Northern Indiana Commuter Transit Dist,0.925340447116556
CH2M HILL Companies Ltd.,CH2M HILL,0.9240473941668264
Edison Mission Energy,Edison Electric Institute,0.9240273698330997
Independent Bank Corp.,Independent Community Bankers of America,0.9237262344344335
Global Earth Energy Inc,Global Seas - Mt Mitchell,0.9221598744941527
Atlas Air Worldwide Holdings Inc.,Atlas Air Worldwide,0.9216031797517171
Grupo Televisa SAB,Grupo Mexico,0.919799981609037
Communications Systems Inc.,Communications Workers of America,0.9187780846729917
North American Tungsten Corp Ltd,North American Midway Entertainment,0.9180426786137164
Cobalt Blockchain Inc,Cobalt Holding Co,0.9178320119035603
Cleveland-Cliffs Inc,Cleveland Clinic,0.9171238191144344
Hercules Capital Inc,Hercules Holding,0.9167402451610481
European Electric Metals Inc,European Aeronautic Defence & Space,0.9162568462783767
Qiagen NV,Viagen Inc,0.9147414468317294
Environmental Power Corp,Environmental Working Group,0.9146152975082533
Scientific Learning Corp,Scientific Systems Co,0.9135643552276644
Hong Kong Television Network Ltd,Hong Kong Special Admin Regional Govt,0.9128352580707519
Colorado Interstate Gas Co,Colorado River Water Conservation Dist,0.9115702398900076
Apollo Solar Energy Inc,Apollo Global Management,0.9104818027631364
Mobilepro Corp,"Mobile County, AL",0.9103976457043627
PacificNet Inc,Pacific Mutual Holding,0.9089288351370463
Capital One Financial Corp.,Capital District Physicians' Health Plan,0.9074140985705091
Wendy's/Arby's Group Inc - Pro Forma,Wendy's/Arby's Group,0.9066752180322133
Southeastern Bank Financial Corp,Southeastern Colorado Water Conservancy,0.905363450287086
Florida Gaming Corp,Florida Sugar Cane League,0.9048894154435679
"Tenaris SA, Luxembourg",Tenaris SA,0.9043354886173816
Bridgeport Ventures Inc,Bridgestone Corp,0.9036387234944648
Allegheny Technologies Inc,"Allegheny County, PA",0.9029717839605986
Black & Decker Corp,Black Television News Network,0.9023887161666404
Team Health Holdings Inc,Team Health,0.9016512029865902
Quest Energy Partners LP,Quest Integrated,0.9013988229690657
Zions Bancorporation,Zions Bancorp,0.9011210448930087
Government Properties Income Trust,Government of Poland,0.9001987790766799
Graphic Packaging Holding Co,Graphic Packaging Holding,0.9883639256399052
Colliers International Group Inc,Colliers International,0.9626653990194608
Spectrum Brands Holdings Inc,Spectrum Brands,0.9626381161321138
Williams Cos Inc.,Williams-Pyro Inc,0.9626120104488307
Phoenix Footwear Group Inc.,Phoenix Group,0.9620613892843191
Wolters Kluwer NV,Wolters Kluwer,0.9617440480586918
Electronic Game Card Inc,Electronic Warfare Assoc,0.9597400643102386
PNC Financial Services Group Inc.,PNC Financial Services,0.9564887875072074
McGraw-Hill Ryerson Ltd,McGraw-Hill Companies,0.9493021981149062
Broadcast International Inc,Broadcasting Media Partners,0.9491837827714812
First Interstate BancSystem Inc,First Command Financial Services,0.9482472225474841
Northwest Bancshares Inc,Northwest Alaska Native Assn,0.9467730015060055
Liberty Media Corp Entertainment Group,Liberty Media,0.9467112750624076
Providence Resources Corp,Providence Health & Services,0.9451638320949983
Federal Home Loan Mortgage Corp,Federal Home Loan Bank,0.9447133094040877
Alexander's Inc.,Alexander & Baldwin,0.9423142485830649
Independent Nickel Corp,Independent Office Products/Furniture Dealers Assn,0.941441149179869
Evergreen Solar Inc,Evergreen Holdings,0.9409051779954809
First National AlarmCap Income Fund,First National of Nebraska,0.9374892461296698
Liberty Mutual Agency Corp,Liberty Mutual,0.937408186741249
Republic Bancorp Inc,Republic of Palau,0.9369029645112515
Technology Select Sector SPDR Fund,Technology Systems Inc,0.9360339731821455
New York Health Care Inc,New York State Public Housing Authority,0.9340756286935253
General Motors Co,General Atomics,0.9326483131431949
California Pizza Kitchen Inc,California Science Center,0.9323090966891262
Protective Products of America Inc,Protectseniors.org,0.9297797526114789
New Mountain Finance Corp,New Mountain Capital,0.9281542929022464
Livingston International Income Fund,Livingston Group,0.9273078718648152
Triant Holdings Inc,Tanana Chiefs Conference,0.9270935700047361
Spectrum Group International Inc,Spectrum Group,0.9266185083548379
Childrens Place Inc,Childresn's Aids Society,0.9258802200441087
Northern Illinois Gas,Northern Indiana Commuter Transit Dist,0.9253403966230282
Argan Inc,Arxan Inc,0.9252746688248966
CH2M HILL Companies Ltd.,CH2M HILL,0.9240471367960682
Independent Bank Corp.,Independent Community Bankers of America,0.923726459211849
Spectrum Control Inc,Spectrum Consulting,0.9230725543028646
Atlas Air Worldwide Holdings Inc.,Atlas Air Worldwide,0.921603148018661
Communications Systems Inc.,Communications Workers of America,0.91877808270499
Palmetto Bancshares Inc,Palmetto Health,0.9178985947421358
Cobalt Blockchain Inc,Cobalt Holding Co,0.9178320159830953
Walker & Dunlop Inc,Walker Digital,0.9176663771178099
Cleveland-Cliffs Inc,Cleveland Clinic,0.9171238226931959
Hercules Capital Inc,Hercules Holding,0.9167403241875772
Greene County Bancorp Inc,"Greene County, MO",0.9166658948754512
European Electric Metals Inc,European Aeronautic Defence & Space,0.9162567613687572
Marine Drive Mobile Corp,Marine Engineers Beneficial Assn,0.9152949630994605
Environmental Power Corp,Environmental Working Group,0.9146152460542211
Scientific Learning Corp,Scientific Systems Co,0.9135644264124789
Hong Kong Television Network Ltd,Hong Kong Special Admin Regional Govt,0.9128353141323349
George Foreman Enterprises Inc,George Allen Strategies,0.9124728637856913
Federal Signal Corp.,Federal Business Navigators,0.9119343843531303
Mobilepro Corp,"Mobile County, AL",0.9103976240443231
PacificNet Inc,Pacific Mutual Holding,0.908928770445655
Jefferson Bancshares Inc,"Jefferson Parish, LA",0.9073673990222628
Intrepid Mines Ltd,Intrepid Mining,0.9055714383295981
Transocean Ltd,Transport Workers Union,0.9055000387716173
Southeastern Bank Financial Corp,Southeastern Colorado Water Conservancy,0.9053633735025493
Florida Gaming Corp,Florida Sugar Cane League,0.9048894558076513
"Tenaris SA, Luxembourg",Tenaris SA,0.9043354800993653
Bridgeport Ventures Inc,Bridgestone Corp,0.9036386710201516
Allegheny Technologies Inc,"Allegheny County, PA",0.9029718170736986
Black & Decker Corp,Black Television News Network,0.9023886064086621
Team Health Holdings Inc,Team Health,0.9016512840916754
Quest Energy Partners LP,Quest Integrated,0.9013988320948022
Zions Bancorporation,Zions Bancorp,0.9011209670072646
Government Properties Income Trust,Government of Poland,0.9001985857962134
American Physicians Capital Inc,American Physical Therapy Assn,0.9001895930005183
Graphic Packaging Holding Co,Graphic Packaging Holding,0.9883639301927112
Colliers International Group Inc,Colliers International,0.9626654373068111
Spectrum Brands Holdings Inc,Spectrum Brands,0.9626382917980725
Williams Cos Inc.,Williams-Pyro Inc,0.9626125721441894
Phoenix Footwear Group Inc.,Phoenix Group,0.9620613706002938
Wolters Kluwer NV,Wolters Kluwer,0.9617442528123323
PNC Financial Services Group Inc.,PNC Financial Services,0.9564884316605148
Broadcast International Inc,Broadcasting Media Partners,0.9491837375869722
Rio Tinto Ltd,Rio Tinto Group,0.9474456080589784
Northwest Bancshares Inc,Northwest Alaska Native Assn,0.9467729174420572
Liberty Media Corp Entertainment Group,Liberty Media,0.9467113122386461
Federal Home Loan Mortgage Corp,Federal Home Loan Bank,0.944713807120572
Evergreen Solar Inc,Evergreen Holdings,0.9409051562732511
Public Service Co of Oklahoma,Public Interest Projects,0.9395614883866696
Government Properties Income Trust,Government of Kazakhstan,0.9388021477854038
Pharmaceutical Products Development Inc,Pharma Services Acquisition Corp,0.9377790904286082
First National AlarmCap Income Fund,First National of Nebraska,0.9374894353443469
Liberty Mutual Agency Corp,Liberty Mutual,0.937408013446057
Republic Bancorp Inc,Republic of Palau,0.9369030533697905
Technology Select Sector SPDR Fund,Technology Systems Inc,0.9360337805028754
BlueFire Renewables Inc,BlueFire Ethanol,0.9346330951420536
"Nestle SA, Cham Und Vevey",Nestle SA,0.9345470002927168
California Grapes International Inc,California State University,0.9340638420021609
General Motors Co,General Atomics,0.9326482908055975
California Pizza Kitchen Inc,California Science Center,0.9323090992751027
Protective Products of America Inc,Protectseniors.org,0.9297797766267315
New Mountain Finance Corp,New Mountain Capital,0.9281543895807933
BlueFire Renewables Inc,Bluefire Ethanol,0.9275947055852242
Livingston International Income Fund,Livingston Group,0.9273078976834597
Spectrum Group International Inc,Spectrum Group,0.9266185364689297
Childrens Place Inc,Childresn's Aids Society,0.9258803547630656
Northern Illinois Gas,Northern Indiana Commuter Transit Dist,0.9253404723114017
Argan Inc,Arxan Inc,0.9252746893253027
Scientific Radio Systems Inc,Scientific Systems Co,0.9249483105395233
CH2M HILL Companies Ltd.,CH2M HILL,0.924047138321078
Independent Bank Corp.,Independent Community Bankers of America,0.9237262722150966
Spectrum Control Inc,Spectrum Consulting,0.9230723286364257
Atlas Air Worldwide Holdings Inc.,Atlas Air Worldwide,0.9216029198011242
American Dental Partners Inc,American Dental Assn,0.9212309311043811
Palmetto Bancshares Inc,Palmetto Health,0.9178984859766074
Cobalt Blockchain Inc,Cobalt Holding Co,0.917832060436269
Walker & Dunlop Inc,Walker Digital,0.9176665173402877
Cleveland-Cliffs Inc,Cleveland Clinic,0.9171237817758171
Hercules Capital Inc,Hercules Holding,0.9167403234899892
Greene County Bancorp Inc,"Greene County, MO",0.9166659045015096
European Electric Metals Inc,European Aeronautic Defence & Space,0.9162567778627011
New York Community Bancorp Inc.,New York State Public Housing Authority,0.9160924219033498
Independent Bank Corp,Independent Office Products/Furniture Dealers Assn,0.91555549588894
Marine Drive Mobile Corp,Marine Engineers Beneficial Assn,0.9152952137219461
Pacific Valley Bank,Pacific Mutual Holding,0.9149238494070199
Environmental Power Corp,Environmental Working Group,0.9146152744391788
Energy Focus Inc,ENERGY FOU,0.9135599921875601
Cooperative Bankshares Inc,Cooperative Network,0.9127895637516814
George Foreman Enterprises Inc,George Allen Strategies,0.912473023201393
Federal Signal Corp.,Federal Business Navigators,0.9119343414476782
Platinum Energy Solutions Inc,Platinum Equity,0.9118126603616536
Petrolympic Ltd,Petro-Hunt LLC,0.9108486421351109
Mobilepro Corp,"Mobile County, AL",0.9103976502477468
Jefferson Bancshares Inc,"Jefferson Parish, LA",0.9073673822472544
Intrepid Mines Ltd,Intrepid Mining,0.9055714237704071
Southeastern Bank Financial Corp,Southeastern Colorado Water Conservancy,0.9053634883661992
Valley Republic Bancorp,Valley Health System,0.9052788835156659
Florida Gaming Corp,Florida Sugar Cane League,0.9048895250068462
"Tenaris SA, Luxembourg",Tenaris SA,0.9043355506399874
Bridgeport Ventures Inc,Bridgestone Corp,0.9036386519762258
Madison County Financial Inc,"Madison County, MS",0.9034054907546021
Allegheny Technologies Inc,"Allegheny County, PA",0.9029718465804446
Black & Decker Corp,Black Television News Network,0.9023887107614439
Martek Biosciences Corp,Matagorda County,0.9014079769332519
Quest Energy Partners LP,Quest Integrated,0.9013988164766598
Zions Bancorporation,Zions Bancorp,0.9011208389744728
Government Properties Income Trust,Government of Poland,0.9001985533232125
American Physicians Capital Inc,American Physical Therapy Assn,0.9001894736901802
Graphic Packaging Holding Co,Graphic Packaging Holding,0.988363916177349
Colliers International Group Inc,Colliers International,0.9626654503157429
Spectrum Brands Holdings Inc,Spectrum Brands,0.962638244856329
Williams Cos Inc.,Williams-Pyro Inc,0.9626118990305174
Wolters Kluwer NV,Wolters Kluwer,0.9617441477021877
PNC Financial Services Group Inc.,PNC Financial Services,0.9564884820263305
First United Corp,First United Methodist Church,0.9511687980992566
Broadcast International Inc,Broadcasting Media Partners,0.9491837945162517
Northwest Bancshares Inc,Northwest Alaska Native Assn,0.9467730171834265
Federal Home Loan Mortgage Corp,Federal Home Loan Bank,0.9447134200726997
Liberty Media Corp Starz Group,Liberty Media,0.9441414438646786
Government Properties Income Trust,Government of Kazakhstan,0.9388021454614054
Archer-Daniels-Midland Co,Archer Daniels Midland,0.9380617297931874
Pharmaceutical Products Development Inc,Pharma Services Acquisition Corp,0.9377791973873888
First National AlarmCap Income Fund,First National of Nebraska,0.9374893243501701
Technology Select Sector SPDR Fund,Technology Systems Inc,0.9360339146092975
Northeast Indiana Bancorp Inc,Northeast Ohio University,0.9345298603066817
California Grapes International Inc,California State University,0.9340637269424655
General Motors Co,General Atomics,0.9326483111874126
Virginia Hills Oil Corp,Virginia Polytechnic Inst & State Univ,0.9304046440804564
Independence Realty Trust Inc,Independent Petroleum Assn of America,0.9301797329501975
Childrens Place Inc,Childresn's Aids Society,0.9258802217809293
Northern Illinois Gas,Northern Indiana Commuter Transit Dist,0.9253404149145473
Allegion Plc,"Allegheny County, PA",0.925289296900093
Scientific Radio Systems Inc,Scientific Systems Co,0.9249480792064624
Search Minerals Inc,SEARCH Group Inc,0.9242471961037598
Independent Bank Corp.,Independent Community Bankers of America,0.9237263412066343
Global X Waste Management ETF,Global Energy Strategic Partners,0.9223637577315601
Atlas Air Worldwide Holdings Inc.,Atlas Air Worldwide,0.921603213271606
Heritage-Crystal Clean Inc,Heritage Action For America,0.9214097991292967
American Dental Partners Inc,American Dental Assn,0.9212307264020055
Community West Bancshares,Community Resources for Justice,0.9207196920143884
Banco Bilbao Vizcaya Argentaria SA (BBVA),Banco Bilbao Vizcaya Argentaria,0.9189199559435367
Cobalt Blockchain Inc,Cobalt Holding Co,0.9178319906782368
Walker & Dunlop Inc,Walker Digital,0.9176665048281829
Childrens Place Inc,Children's Museum of Philadelphia,0.9174452738459357
Cleveland-Cliffs Inc,Cleveland Clinic,0.9171238082349491
European Electric Metals Inc,European Aeronautic Defence & Space,0.9162567792913974
New York Community Bancorp Inc.,New York State Public Housing Authority,0.9160922825852804
Independent Bank Corp,Independent Office Products/Furniture Dealers Assn,0.9155555580841783
Marine Drive Mobile Corp,Marine Engineers Beneficial Assn,0.9152952180057243
Pacific Valley Bank,Pacific Mutual Holding,0.9149239291572524
George Foreman Enterprises Inc,George Allen Strategies,0.9124730050188531
Federal Signal Corp.,Federal Business Navigators,0.911934377538714
Platinum Energy Solutions Inc,Platinum Equity,0.9118126997180015
Education Management Corp,Education Reform Now,0.9091427670641746
Providence Service Corp,Providence Equity Partners,0.9075299646379146
Jefferson Bancshares Inc,"Jefferson Parish, LA",0.9073674392854477
Telaria Inc,Tenaris SA,0.9063520093661199
Intrepid Mines Ltd,Intrepid Mining,0.9055714396958362
Southeastern Bank Financial Corp,Southeastern Colorado Water Conservancy,0.9053635115252987
Valley Republic Bancorp,Valley Health System,0.905278907725633
Bridgeport Ventures Inc,Bridgestone Corp,0.9036385668783364
Madison County Financial Inc,"Madison County, MS",0.903405494568414
Kaiser Group Holdings Inc,Kaiser College,0.9025761419360747
Team Health Holdings Inc,Team Health,0.9016511200719978
Zions Bancorporation,Zions Bancorp,0.9011207104209994
American Physicians Capital Inc,American Physical Therapy Assn,0.9001895412555846
Graphic Packaging Holding Co,Graphic Packaging Holding,0.98836385185829
Constellium NV,Constellium,0.9765219698497781
First National Corp/VA,First National of Nebraska,0.9654703291291081
Spectrum Brands Holdings Inc,Spectrum Brands,0.9626389197297375
Wolters Kluwer NV,Wolters Kluwer,0.9617442403680206
PNC Financial Services Group Inc.,PNC Financial Services,0.9564886976576407
Broadcast International Inc,Broadcasting Media Partners,0.949183637856152
Northwest Bancshares Inc,Northwest Alaska Native Assn,0.9467728688770648
Federal Home Loan Mortgage Corp,Federal Home Loan Bank,0.9447134636548452
Liberty Media Corp Starz Group,Liberty Media,0.9441414796714364
Evergreen Solar Inc,Evergreen Holdings,0.9409051240098403
Government Properties Income Trust,Government of Kazakhstan,0.9388022022670112
Archer-Daniels-Midland Co,Archer Daniels Midland,0.938061800027901
"Nestle SA, Cham Und Vevey",Nestle SA,0.9345470039445156
Contrans Group Inc,Contran Corp,0.934196763674472
California Grapes International Inc,California State University,0.9340636466714911
Independence Contract Drilling Inc,Independent Office Products/Furniture Dealers Assn,0.9334549956533099
General Motors Co,General Atomics,0.9326482709891538
California Pizza Kitchen Inc,California Science Center,0.9323091283320492
Independence Realty Trust Inc,Independent Petroleum Assn of America,0.9301797798888067
Virginia Energy Resources Inc,Virgin Group,0.9290902635073491
New Mountain Finance Corp,New Mountain Capital,0.9281543231237114
Scientific Radio Systems Inc,Scientific Systems Co,0.9249482583047518
CH2M HILL Companies Ltd.,CH2M HILL,0.9240471371138068
Independent Bank Corp.,Independent Community Bankers of America,0.9237263204908254
Government Properties Income Trust,Government Of Canada,0.9217255167738924
Banco Bilbao Vizcaya Argentaria SA (BBVA),Banco Bilbao Vizcaya Argentaria,0.9189197593264273
Hunt Companies Finance Trust Inc,Hunt Companies,0.9168921603001778
Greene County Bancorp Inc,"Greene County, MO",0.9166656702573112
European Electric Metals Inc,European Aeronautic Defence & Space,0.9162568371613438
New York Community Bancorp Inc.,New York State Public Housing Authority,0.9160924566273313
Marine Drive Mobile Corp,Marine Engineers Beneficial Assn,0.9152951673374378
Pacific Valley Bank,Pacific Mutual Holding,0.9149238035503514
George Foreman Enterprises Inc,George Allen Strategies,0.9124729665376086
Montana Exploration Corp,Montana State University,0.9122186539187599
Washington Prime Group Inc,Washington Post Co,0.9104449253711749
Education Management Corp,Education Reform Now,0.9091427120090376
Capital Properties Inc.,Capital Health System,0.9082820812424927
Providence Service Corp,Providence Equity Partners,0.9075299534369446
Jefferson Bancshares Inc,"Jefferson Parish, LA",0.9073674390011925
Telaria Inc,Tenaris SA,0.906351996927152
Dominion Resources Black Warrior Trust,Dominion Resources,0.9063065632615955
Southeastern Bank Financial Corp,Southeastern Colorado Water Conservancy,0.9053634887977152
Valley Republic Bancorp,Valley Health System,0.9052789063842369
Florida Gaming Corp,Florida Sugar Cane League,0.9048895896958642
Bridgeport Ventures Inc,Bridgestone Corp,0.9036385948359078
Kaiser Group Holdings Inc,Kaiser College,0.9025761739371185
Pegasi Energy Resources Corp,Pegasus Capital Advisors,0.9023250447107186
Team Health Holdings Inc,Team Health,0.9016511983643113
Graphic Packaging Holding Co,Graphic Packaging Holding,0.9883637561830466
Alabama Gas Corp,Alabama-Coushatta Tribe of Texas,0.9720167264594635
Colliers International Group Inc,Colliers International,0.9626654104797242
Spectrum Brands Holdings Inc,Spectrum Brands,0.962638532048691
Wolters Kluwer NV,Wolters Kluwer,0.9617442401740647
PNC Financial Services Group Inc.,PNC Financial Services,0.9564887167394842
Broadcast International Inc,Broadcasting Media Partners,0.949183745124195
Williams Creek Gold Ltd,Williams Lea Ltd,0.9476360261451992
Northwest Bancshares Inc,Northwest Alaska Native Assn,0.9467729648298515
Federal Home Loan Mortgage Corp,Federal Home Loan Bank,0.9447134760327779
Hewlett Packard Enterprise Co,Hewlett-Packard,0.9417090051662732
Government Properties Income Trust,Government of Kazakhstan,0.9388021389881881
Archer-Daniels-Midland Co,Archer Daniels Midland,0.9380618814979782
"Nestle SA, Cham Und Vevey",Nestle SA,0.934547001632796
California Grapes International Inc,California State University,0.9340635446805191
Independence Contract Drilling Inc,Independent Office Products/Furniture Dealers Assn,0.9334549648788363
General Motors Co,General Atomics,0.9326482652513475
Independence Realty Trust Inc,Independent Petroleum Assn of America,0.9301798085253992
Virginia Energy Resources Inc,Virgin Group,0.9290902586722655
New Mountain Finance Corp,New Mountain Capital,0.9281542964411011
Allegion Plc,"Allegheny County, PA",0.9252892869273005
CH2M HILL Companies Ltd.,CH2M HILL,0.9240473530956868
Independent Bank Corp.,Independent Community Bankers of America,0.9237262368240844
Government Properties Income Trust,Government Of Canada,0.921725566633225
Atlas Air Worldwide Holdings Inc.,Atlas Air Worldwide,0.9216026741693634
Heritage-Crystal Clean Inc,Heritage Action For America,0.9214099064891283
Banco Bilbao Vizcaya Argentaria SA (BBVA),Banco Bilbao Vizcaya Argentaria,0.9189196487567253
Hunt Companies Finance Trust Inc,Hunt Companies,0.916892028515802
Greene County Bancorp Inc,"Greene County, MO",0.9166657790357833
New York Community Bancorp Inc.,New York State Public Housing Authority,0.9160924416430599
Marine Drive Mobile Corp,Marine Engineers Beneficial Assn,0.9152950878966782
Pacific Valley Bank,Pacific Mutual Holding,0.9149238109380212
Scientific Learning Corp,Scientific Systems Co,0.913564373063901
Montana Exploration Corp,Montana State University,0.9122185545496062
Capital Properties Inc.,Capital Health System,0.9082820551233213
California Gold Mining Inc,California Science Center,0.9078888390845258
Jefferson Bancshares Inc,"Jefferson Parish, LA",0.907367434699307
Dominion Resources Black Warrior Trust,Dominion Resources,0.9063065873714441
Southeastern Bank Financial Corp,Southeastern Colorado Water Conservancy,0.9053634961945127
Valley Republic Bancorp,Valley Health System,0.9052789013650613
MacDonald Mines Exploration Ltd,"MacDonald, Dettwiler & Assoc",0.9044814113063321
Bridgeport Ventures Inc,Bridgestone Corp,0.9036387170604916
AES Corporation,Aes Corp,0.9030595159082765
Kaiser Group Holdings Inc,Kaiser College,0.9025762995668318
Pegasi Energy Resources Corp,Pegasus Capital Advisors,0.9023250540752417
Team Health Holdings Inc,Team Health,0.9016512008394707
Sandy Lake Gold,"Sandoval County, NM",0.9008868862589304
Graphic Packaging Holding Co,Graphic Packaging Holding,0.9883637204905051
Alabama Gas Corp,Alabama-Coushatta Tribe of Texas,0.9720167155722526
First National Corp/VA,First National of Nebraska,0.965470176832982
Colliers International Group Inc,Colliers International,0.9626652684877027
Peoples Bancorp Inc,People's Republic of Bangladesh,0.9617995896520589
Broadcast International Inc,Broadcasting Media Partners,0.9491838043332638
Northwest Bancshares Inc,Northwest Alaska Native Assn,0.9467729559317936
Federal Home Loan Mortgage Corp,Federal Home Loan Bank,0.9447135892441741
Government Properties Income Trust,Government of Kazakhstan,0.9388021812655414
"Nestle SA, Cham Und Vevey",Nestle SA,0.9345469071509384
Independence Contract Drilling Inc,Independent Office Products/Furniture Dealers Assn,0.9334550508812864
General Motors Co,General Atomics,0.9326482574662655
Independence Realty Trust Inc,Independent Petroleum Assn of America,0.9301797352675759
Gelesis Inc,Genesis Healthcare,0.9292868164230337
Virginia Energy Resources Inc,Virgin Group,0.9290901292033062
Allegion Plc,"Allegheny County, PA",0.9252892478867135
Independent Bank Corp.,Independent Community Bankers of America,0.9237262179558556
Heritage-Crystal Clean Inc,Heritage Action For America,0.9214097366345061
Banco Bilbao Vizcaya Argentaria SA (BBVA),Banco Bilbao Vizcaya Argentaria,0.9189197410294807
WestJet Airlines Ltd,Western Assn of Schools & Colleges,0.9181971266542052
Hunt Companies Finance Trust Inc,Hunt Companies,0.916892074986605
New York Community Bancorp Inc.,New York State Public Housing Authority,0.9160923745387122
Marine Drive Mobile Corp,Marine Engineers Beneficial Assn,0.9152950891876224
Scientific Learning Corp,Scientific Systems Co,0.9135643642991306
Montana Exploration Corp,Montana State University,0.9122186907522767
Dynamic Oil & Gas Services Portfolio,Dynamic Precision Group,0.9119663912438489
Tennessee Valley Authority,Tennessee Technological University,0.911478884841251
Education Management Corp,Education Reform Now,0.9091427403097382
Capital Properties Inc.,Capital Health System,0.9082818804695157
California Water Service Group,California State University,0.9080308028115656
California Gold Mining Inc,California Science Center,0.9078889076574649
Jefferson Bancshares Inc,"Jefferson Parish, LA",0.9073673806217677
Dominion Resources Black Warrior Trust,Dominion Resources,0.9063067002352903
Valley Republic Bancorp,Valley Health System,0.9052787881185986
MacDonald Mines Exploration Ltd,"MacDonald, Dettwiler & Assoc",0.9044816795746049
Kaiser Group Holdings Inc,Kaiser College,0.9025761406481133
Graphic Packaging Holding Co,Graphic Packaging Holding,0.98836381634725
Constellium NV,Constellium,0.9765219569834998
Wolters Kluwer NV,Wolters Kluwer,0.9617439075595197
Verso Paper Holdings LLC,Verso Paper Corp,0.9524738206741628
Broadcast International Inc,Broadcasting Media Partners,0.9491837537864037
Federal Home Loan Mortgage Corp,Federal Home Loan Bank,0.9447136842975974
"Nestle SA, Cham Und Vevey",Nestle SA,0.9345468969393858
Independence Contract Drilling Inc,Independent Office Products/Furniture Dealers Assn,0.9334550038317458
General Motors Co,General Atomics,0.932648269170155
Independence Realty Trust Inc,Independent Petroleum Assn of America,0.9301799338554984
Virginia Energy Resources Inc,Virgin Group,0.9290901223819765
Independent Bank Corp.,Independent Community Bankers of America,0.9237261871633669
Atlas Air Worldwide Holdings Inc.,Atlas Air Worldwide,0.9216026590978116
Banco Bilbao Vizcaya Argentaria SA (BBVA),Banco Bilbao Vizcaya Argentaria,0.9189196882412938
Communications Systems Inc.,Communications Workers of America,0.9187780511730796
CH2M HILL Companies Ltd.,CH2M Hill,0.9182263941764877
WestJet Airlines Ltd,Western Assn of Schools & Colleges,0.9181971943465017
American International Group Inc,American International Contractors,0.9181318399011488
Lafarge SA,LafargeHolcim,0.917631124004131
Hunt Companies Finance Trust Inc,Hunt Companies,0.9168922041747719
New York Community Bancorp Inc.,New York State Public Housing Authority,0.9160923518311381
Pacific City Financial Corp,Pacific Mutual Holding,0.9138258865411972
Scientific Learning Corp,Scientific Systems Co,0.9135643433098056
China Yuchai International Ltd,China Poly Group,0.9132417420731125
Montana Exploration Corp,Montana State University,0.9122184797008464
Florida Power & Light Co,Florida A&M University,0.9120376457817415
Dynamic Oil & Gas Services Portfolio,Dynamic Precision Group,0.9119662560516705
Tennessee Valley Authority,Tennessee Technological University,0.9114789288683569
Education Management Corp,Education Reform Now,0.9091427724776424
Capital Properties Inc.,Capital Health System,0.9082819579147285
California Water Service Group,California State University,0.9080306612965057
California Gold Mining Inc,California Science Center,0.9078888427291867
Jefferson Bancshares Inc,"Jefferson Parish, LA",0.9073673695334127
Dominion Resources Black Warrior Trust,Dominion Resources,0.9063067332414907
Southeastern Bank Financial Corp,Southeastern Colorado Water Conservancy,0.9053635297144897
Valley Republic Bancorp,Valley Health System,0.9052788840382422
Columbia Financial Inc,Columbia University,0.904784541260231
Blount International Inc.,"Blount County, TN",0.9046338298688356
MacDonald Mines Exploration Ltd,"MacDonald, Dettwiler & Assoc",0.90448171205145
Federal Signal Corp.,Federal Democratic Republic of Nepal,0.9037748638069563
Sumitomo Mitsui Financial Group Inc,Sumitomo Group,0.9022539728428892
Team Health Holdings Inc,Team Health,0.9016512000899176
Graphic Packaging Holding Co,Graphic Packaging Holding,0.988363853244885
Blackhawk Resource Corp,Black Hall Aerospace,0.9634799403333691
Spectrum Brands Holdings Inc,Spectrum Brands,0.9626389269379352
Peoples Bancorp Inc,People's Republic of Bangladesh,0.9617995923474815
Northwest Bancshares Inc,Northwest Alaska Native Assn,0.9467729328696873
Federal Home Loan Mortgage Corp,Federal Home Loan Bank,0.9447134864516061
Avista Corp,Avista Oil,0.9399811210296276
Atlas Copco AB,Atlas Copco,0.9382824737761398
"Nestle SA, Cham Und Vevey",Nestle SA,0.9345470712319157
Independence Contract Drilling Inc,Independent Office Products/Furniture Dealers Assn,0.9334549505840748
First South Bancorp Inc,First Cash Financial Services,0.9305836966828358
Independence Realty Trust Inc,Independent Petroleum Assn of America,0.9301796943083482
Virginia Energy Resources Inc,Virgin Group,0.9290900328703717
Allegion Plc,"Allegheny County, PA",0.9252893359408785
CH2M HILL Companies Ltd.,CH2M HILL,0.9240472715412433
Independent Bank Corp.,Independent Community Bankers of America,0.9237262640680888
Atlas Air Worldwide Holdings Inc.,Atlas Air Worldwide,0.9216031274834945
New Zealand Energy Corp,New Zealand,0.920886687014476
Fuse Medical Inc,Fuse Media,0.9204700285422113
Banco Bilbao Vizcaya Argentaria SA (BBVA),Banco Bilbao Vizcaya Argentaria,0.9189198691506977
Communications Systems Inc.,Communications Workers of America,0.9187781355103704
WestJet Airlines Ltd,Western Assn of Schools & Colleges,0.9181971022939446
American International Group Inc,American International Contractors,0.9181316621769874
New York Community Bancorp Inc.,New York State Public Housing Authority,0.9160923702440757
Pacific City Financial Corp,Pacific Mutual Holding,0.9138258949555131
Scientific Learning Corp,Scientific Systems Co,0.9135644337667554
China Yuchai International Ltd,China Poly Group,0.9132417708958847
Montana Exploration Corp,Montana State University,0.9122185883622289
Dynamic Oil & Gas Services Portfolio,Dynamic Precision Group,0.911966184245382
Tennessee Valley Authority,Tennessee Technological University,0.9114788547875112
Capital Properties Inc.,Capital Health System,0.9082818948503347
California Water Service Group,California State University,0.9080305380401686
California Gold Mining Inc,California Science Center,0.907888709386894
Dominion Resources Black Warrior Trust,Dominion Resources,0.9063066282812412
Southeastern Bank Financial Corp,Southeastern Colorado Water Conservancy,0.9053634224623952
Valley Republic Bancorp,Valley Health System,0.9052787654978998
Columbia Financial Inc,Columbia University,0.9047845518335899
MacDonald Mines Exploration Ltd,"MacDonald, Dettwiler & Assoc",0.9044815350408889
Silver Predator Corp,Silver Lake Partners,0.9041936132681953
Federal Signal Corp.,Federal Democratic Republic of Nepal,0.9037747224638063
Sumitomo Mitsui Financial Group Inc,Sumitomo Group,0.9022540670530854
Team Health Holdings Inc,Team Health,0.9016511162832557
Graphic Packaging Holding Co,Graphic Packaging Holding,0.9883639300251776
Blackhawk Resource Corp,Black Hall Aerospace,0.9634799797700611
Peoples Bancorp Inc,People's Republic of Bangladesh,0.9617993007789775
Wolters Kluwer NV,Wolters Kluwer,0.9617440016223909
Xperi Corporation,Xperi Corp,0.9604195513283631
Northwest Bancshares Inc,Northwest Alaska Native Assn,0.9467728692450524
Global Ship Lease Inc,Global Food Protection Institute,0.9454065181437703
Federal Home Loan Mortgage Corp,Federal Home Loan Bank,0.9447136313716017
Avista Corp,Avista Oil,0.9399811282823786
Investors Title Co,Investor AB,0.9392490180996064
Atlas Copco AB,Atlas Copco,0.9382825118801432
"Nestle SA, Cham Und Vevey",Nestle SA,0.9345469369809842
Independence Contract Drilling Inc,Independent Office Products/Furniture Dealers Assn,0.9334549237011037
Independence Realty Trust Inc,Independent Petroleum Assn of America,0.9301796453244006
Virginia Energy Resources Inc,Virgin Group,0.9290900737320437
Allegion Plc,"Allegheny County, PA",0.9252892227724712
Independent Bank Corp.,Independent Community Bankers of America,0.9237262736268501
Atlas Air Worldwide Holdings Inc.,Atlas Air Worldwide,0.9216029350355137
Banco Bilbao Vizcaya Argentaria SA (BBVA),Banco Bilbao Vizcaya Argentaria,0.918919690384885
Communications Systems Inc.,Communications Workers of America,0.9187780750118506
WestJet Airlines Ltd,Western Assn of Schools & Colleges,0.9181971558714577
American International Group Inc,American International Contractors,0.918131836808758
Educational Development Corp,Educational Media Foundation,0.9151842986186506
Pacific City Financial Corp,Pacific Mutual Holding,0.9138260290315693
China Yuchai International Ltd,China Poly Group,0.9132418227646353
Dynamic Oil & Gas Services Portfolio,Dynamic Precision Group,0.9119661380998239
California Water Service Group,California State University,0.908030723851521
California Gold Mining Inc,California Science Center,0.9078888121975036
Southeastern Bank Financial Corp,Southeastern Colorado Water Conservancy,0.9053634152443769
Columbia Financial Inc,Columbia University,0.9047845838353777
Silver Predator Corp,Silver Lake Partners,0.9041936411086207
Federal Signal Corp.,Federal Democratic Republic of Nepal,0.9037747164666229
Liberty Gold Corp,Liberty Utilities,0.9032379633046232
Sumitomo Mitsui Financial Group Inc,Sumitomo Group,0.9022537904374344
Team Health Holdings Inc,Team Health,0.901651131230997
Cemex SAB de CV,CEMEX SA de CV,0.9006236156237188
